HAI_energy,SII_temperature,
118256.45941032615,17.435405917816027
118859.23429451065,11.407656721134089
118460.5244688102,15.394755308639896
118317.97180783986,16.820282220750023
118313.69579440192,16.863041822018737
118135.36695848434,18.646329805131433
118206.67842493427,17.93321585835428
118636.5648115293,13.634351845896946
119071.31340800396,9.286865619619798
