SII_temperature,HI_temperature,
17.435405917816027,1199.6805641428834
11.407656721134089,1202.581045533217
15.394755308639896,1200.8381620702291
16.820282220750023,1196.7996590304176
16.863041822018737,1204.1823064661546
18.646329805131433,1197.1374044112263
17.93321585835428,1200.5132642279975
13.634351845896946,1199.8782855951463
