HI_temperature,SII_temperature,HAI_energy,
1199.6805641428834,17.435405917816027,118256.45941032615
1202.581045533217,11.407656721134089,118859.23429451065
1200.8381620702291,15.394755308639896,118460.5244688102
1196.7996590304176,16.820282220750023,118317.97180783986
1204.1823064661546,16.863041822018737,118313.69579440192
1197.1374044112263,18.646329805131433,118135.36695848434
1200.5132642279975,17.93321585835428,118206.67842493427
1199.8782855951463,13.634351845896946,118636.5648115293
